Date,Open,High,Low,Close,Volume,Dividends,Stock Splits,Capital Gains,headline,article_time,subheaders
2023-08-31 00:00:00-04:00,445.4197199404886,446.5834352383544,443.9502833371938,444.1376647949219,66084600,0.0,0.0,0.0,Stock Rally Wanes at End of Best Week Since June: Markets Wrap,"September 1, 2023 at 6:22 AM GMT+8",nan
2023-09-01 00:00:00-04:00,446.918792840377,447.41189562696695,443.4769149242879,444.9660949707031,58875700,0.0,0.0,0.0,,,
2023-09-05 00:00:00-04:00,444.51243547556913,444.837870062432,442.97395723537164,443.04296875,55166200,0.0,0.0,0.0,Stocks Retreat After Hot ISM Fuels Fed-Hike Wagers: Markets Wrap,"September 6, 2023 at 6:15 AM GMT+8","['US service gauge rises to six-month high, topping forecasts', 'Fed’s Collins says patience needed, more tightening possible']"
2023-09-06 00:00:00-04:00,442.2145570794409,442.3230553388208,437.687877273051,440.06463623046875,70758500,0.0,0.0,0.0,Traders Shun Risk Amid Apple’s $190 Billion Rout: Markets Wrap,"September 7, 2023 at 6:39 AM GMT+8","['Apple extends two-day drop on concern over China iPhone curbs', 'US initial jobless claims fall to lowest level since February']"
2023-09-07 00:00:00-04:00,436.99751342403,439.40385730002527,436.6424938832786,438.7135314941406,70355400,0.0,0.0,0.0,Dollar Bulls Vindicated in Longest Run Since 2005: Markets Wrap,"September 8, 2023 at 6:27 AM GMT+8","['Greenback posts eighth straight up week amid overbought calls', 'S&P 500 edges higher on Friday, following a three-day decline']"
2023-09-08 00:00:00-04:00,438.7628249779414,440.9423307259968,438.3979337550321,439.374267578125,61659700,0.0,0.0,0.0,,,
2023-09-11 00:00:00-04:00,442.05676066553815,442.57944839674695,440.3111876982796,442.2638854980469,60180100,0.0,0.0,0.0,Nasdaq 100 Drops 1% as Apple Slides After Event: Markets Wrap,"September 12, 2023 at 6:21 AM GMT+8","['Iphone maker unveils new products; Oracle tumbles on results', 'Traders await Wednesday’s CPI for clues on Fed policy outlook']"
2023-09-12 00:00:00-04:00,440.7845780600457,442.3427695704512,439.24609982565886,439.8377990722656,67565400,0.0,0.0,0.0,"Wall Street Yawns at ‘Not Great, No Disaster’ CPI: Markets Wrap","September 13, 2023 at 6:13 AM GMT+8","['Stocks, bonds, dollar see small moves on mixed inflation data', 'American Air cuts earnings outlook amid higher fuel costs']"
2023-09-13 00:00:00-04:00,440.0646694356751,441.53410616679173,438.9403805915084,440.3506774902344,60199300,0.0,0.0,0.0,,,
2023-09-14 00:00:00-04:00,442.87533846861635,444.8575911803878,441.543954942044,444.14752197265625,83430800,0.0,0.0,0.0,,,
2023-09-15 00:00:00-04:00,442.5274240679134,442.8639130840386,438.3509553811879,438.7962951660156,111761400,1.583,0.0,0.0,,,
2023-09-18 00:00:00-04:00,438.4795856183431,440.3797926274177,437.9946500109728,439.0536193847656,55752200,0.0,0.0,0.0,,,
2023-09-19 00:00:00-04:00,438.1134381205546,438.7171612482294,435.4017128068742,438.14312744140625,66514600,0.0,0.0,0.0,,,
2023-09-20 00:00:00-04:00,439.42971187500234,439.85526885225755,433.9072568669678,434.1151123046875,82562600,0.0,0.0,0.0,Wall Street Trading Roiled by ‘Post-Fed Hangover’: Markets Wrap,"September 21, 2023 at 6:16 AM GMT+8","['Jobless claims decline to 201,000, lowest level since January', 'BOE keeps rates unchanged for first time in almost two years']"
2023-09-21 00:00:00-04:00,431.2054476677186,431.47265154709424,426.7815577814529,426.9399108886719,103976100,0.0,0.0,0.0,,,
2023-09-22 00:00:00-04:00,427.9889773060859,429.6219503211949,425.55433224074227,425.97991943359375,100829700,0.0,0.0,0.0,,,
2023-09-25 00:00:00-04:00,424.74280880323306,427.81080585893665,424.29743880339646,427.771240234375,70874500,0.0,0.0,0.0,"Stocks Sink as Bears Take Charge, Dollar Rallies: Markets Wrap","September 26, 2023 at 6:10 AM GMT+8","['Dollar notches five-day winning streak as risk assets sell off', 'S&P 500, Nasdaq 100 both fall 1.5% to three-month lows']"
2023-09-26 00:00:00-04:00,424.66360277616184,425.38608313731237,420.6355807099772,421.4867248535156,96168400,0.0,0.0,0.0,,,
2023-09-27 00:00:00-04:00,422.68424835223726,423.2582821384515,417.93377596991115,421.65496826171875,104705800,0.0,0.0,0.0,,,
2023-09-28 00:00:00-04:00,421.09083860570615,425.81162130299634,420.48711554641665,424.0994567871094,92258300,0.0,0.0,0.0,,,
2023-09-29 00:00:00-04:00,427.21700024243137,427.395136153245,421.5164094742719,423.0702209472656,115078500,0.0,0.0,0.0,,,
2023-10-02 00:00:00-04:00,422.2190929853552,424.1786786876588,420.0813713654148,422.9019775390625,83798600,0.0,0.0,0.0,,,
2023-10-03 00:00:00-04:00,420.6751722493026,422.9613403818918,415.8455084219706,417.240966796875,103760600,0.0,0.0,0.0,,,
2023-10-04 00:00:00-04:00,417.7160487474246,421.0413734105101,416.2216158289008,420.2793273925781,87453000,0.0,0.0,0.0,,,
2023-10-05 00:00:00-04:00,419.9824013848678,420.9819921602279,416.825336357142,420.1209716796875,70142700,0.0,0.0,0.0,US Stocks Rebound as Wall Street Debates Rates: Markets Wrap,"October 6, 2023 at 6:44 AM GMT+8","['US payrolls rise more than forecast, unemployment steadies', 'S&P 500 snaps weekly losing streak as bond losses accrue']"
2023-10-06 00:00:00-04:00,417.6170313222115,426.6825419632628,416.26116883883435,425.10894775390625,113202700,0.0,0.0,0.0,,,
2023-10-09 00:00:00-04:00,423.1691625342881,428.4145069852063,422.6050654869411,427.8305969238281,80374400,0.0,0.0,0.0,Stocks Rise as Wall Street Dials Back Fed Wagers: Markets Wrap,"October 10, 2023 at 6:34 AM GMT+8","['Treasury yields slide on bets Fed heading toward another pause', 'Fed’s Bostic says rates high enough to lower inflation to 2%']"
2023-10-10 00:00:00-04:00,428.4739027198029,432.70975011265153,428.06812855192106,430.0574035644531,78607300,0.0,0.0,0.0,Wall Street Brushes Off Hot PPI as Stocks Advance: Markets Wrap,"October 11, 2023 at 6:03 AM GMT+8","['Producer prices rise by more than forecast on gasoline jump', 'Fed minutes flag high rates for ‘some time’ while risks shift']"
2023-10-11 00:00:00-04:00,431.146052733547,432.0763281238045,428.71140778018,431.81903076171875,62451700,0.0,0.0,0.0,"Stocks, Bonds Fall as CPI Boosts Fed-Hike Wagers: Markets Wrap","October 12, 2023 at 6:17 AM GMT+8","['Consumer price increase bolsters higher-for-longer Fed stance', 'Market-implied odds of another Fed hike rebound to 40%']"
2023-10-12 00:00:00-04:00,432.4425319424083,432.8284930827099,426.7815369967839,429.18646240234375,81154200,0.0,0.0,0.0,Wall Street Seeks Safety Amid Geopolitical Angst: Markets Wrap,"October 13, 2023 at 6:01 AM GMT+8","['Oil surges to wrap volatile week spurred by Israel-Hamas war', 'US consumer inflation expectations jump to a five-month high']"
2023-10-13 00:00:00-04:00,430.72045653422396,431.9476854923815,425.44545298466846,427.0487365722656,95143100,0.0,0.0,0.0,,,
2023-10-16 00:00:00-04:00,429.34483089739297,432.63058987376377,429.0974098335596,431.54193115234375,75433200,0.0,0.0,0.0,Treasury Yields Climb as Hot Data Fuel Fed Wagers: Markets Wrap,"October 17, 2023 at 6:42 AM GMT+8","['Economic figures keep coming in stronger and defying forecasts', 'US restricts sale of Nvidia made-for-China chips in new rules']"
2023-10-17 00:00:00-04:00,428.3452471889756,433.62028127032556,427.98897534851613,431.5221252441406,75324700,0.0,0.0,0.0,QQQ Advances in Late Trading as Tesla Rebounds: Markets Wrap,"October 18, 2023 at 6:31 AM GMT+8","['Iran calls for crude embargo against Israel by Muslim nations', 'Morgan Stanley’s profit slides on investment-bank slowdown']"
2023-10-18 00:00:00-04:00,429.71098770321703,430.6907654020074,424.6635922134283,425.77203369140625,93559800,0.0,0.0,0.0,Wall Street Hit by Volatility on Geopolitical Risk: Markets Wrap,"October 19, 2023 at 6:27 AM GMT+8","['Powell says Fed proceeding carefully, leaves door open to hike', 'Run-up in bond yields mostly due to term premiums: Powell']"
2023-10-19 00:00:00-04:00,426.5044283990473,428.3551330654203,421.33827554183665,422.0310363769531,121323000,0.0,0.0,0.0,Stock Losses Deepen as S&P 500 Breaches Key Level: Markets Wrap,"October 20, 2023 at 6:10 AM GMT+8","['Oil falls after hitting $90, while still rising for the week', 'Treasury yields drop from multiyear highs; gold is near $2,000']"
2023-10-20 00:00:00-04:00,421.5856885727675,422.1399093114171,416.73621180543574,416.8450927734375,123845800,0.0,0.0,0.0,,,
2023-10-23 00:00:00-04:00,415.2813819994438,420.0714802135496,413.49005597339925,416.12261962890625,92035100,0.0,0.0,0.0,Big Tech Earnings Whipsaw QQQ in Late Trading: Markets Wrap,"October 24, 2023 at 6:40 AM GMT+8","['Treasury 10-year yields edge lower after volatile session', 'Oil declines below $84 a barrel; Bitcoin briefly tops $35,000']"
2023-10-24 00:00:00-04:00,418.29001683376305,420.4376448151296,416.3997164066632,419.2599182128906,78564200,0.0,0.0,0.0,,,
2023-10-25 00:00:00-04:00,417.5379014741894,417.5675907934895,412.7181138208599,413.2426452636719,94223200,0.0,0.0,0.0,,,
2023-10-26 00:00:00-04:00,412.15401265794816,413.02490941634994,407.35403806703437,408.2942199707031,115156800,0.0,0.0,0.0,S&P 500 Extends Slide From Its July Peak to 10%: Markets Wrap,"October 27, 2023 at 6:51 AM GMT+8","['War fears drive crude oil higher as gold hits $2,000 an ounce', 'The Israeli army is expanding ground activity in Gaza']"
2023-10-27 00:00:00-04:00,409.9173132719574,410.3230874302251,404.98867493798593,406.4435119628906,107367700,0.0,0.0,0.0,,,
2023-10-30 00:00:00-04:00,409.2937987108562,412.3816086078762,407.96762549625225,411.3028564453125,86562700,0.0,0.0,0.0,S&P 500 Notches Longest Monthly Slide Since 2020: Markets Wrap,"October 31, 2023 at 6:02 AM GMT+8","['Yen’s historic tumble lifts dollar as stocks climb on Tuesday', 'BOJ’s minor policy tweak disappoints traders expecting more']"
2023-10-31 00:00:00-04:00,411.8867439720764,414.21250777458,409.9370649805431,413.88592529296875,79665200,0.0,0.0,0.0,Markets Rally as Powell Says Fed Has ‘Come Far’: Markets Wrap,"November 1, 2023 at 6:27 AM GMT+8","['Fed signals yield rise lowers need to hike, but door is open', 'US slows pace of increase in quarterly sales of long-term debt']"
2023-11-01 00:00:00-04:00,414.87565815720524,419.1312884380431,414.33131368692415,418.2999572753906,98068100,0.0,0.0,0.0,S&P 500 Rises Almost 2%; Apple Down in Late Hours: Markets Wrap,"November 2, 2023 at 6:43 AM GMT+8","['Apple sinks on stagnant December-quarter sales outlook', 'Traders await Friday’s jobs data for clues on Fed’s next steps']"
2023-11-02 00:00:00-04:00,422.1795030430282,426.47475935769546,422.1597202306039,426.31640625,94938900,0.0,0.0,0.0,S&P 500 Has Best Week in 2023 as Bond Yields Slide: Markets Wrap,"November 3, 2023 at 6:42 AM GMT+8","['US hiring cools to 150,000 — but unemployment rises to 3.9%', 'Services growth slips to five-month low as activity softens']"
2023-11-03 00:00:00-04:00,428.67184258652946,431.78934187561794,428.5431788039747,430.2058410644531,100110800,0.0,0.0,0.0,,,
2023-11-06 00:00:00-05:00,430.97779438355957,431.65077241369636,429.20625114876583,431.1955261230469,67831700,0.0,0.0,0.0,S&P Defies Fed ‘Pushback’ in Longest Win Since ‘21: Markets Wrap,"November 7, 2023 at 6:45 AM GMT+8","['Fed officials pledge to watch data, focus on cooling inflation', 'Bets on Fed pivot next year send bond yields sharply lower']"
2023-11-07 00:00:00-05:00,431.1955306944845,433.0759247175744,430.02771053520155,432.4227294921875,64256100,0.0,0.0,0.0,VIX Notches Its Longest Slide Since October 2015: Markets Wrap,"November 8, 2023 at 6:50 AM GMT+8","['Treasury 30-year yield falls to lowest in more than a month', 'Brent oil dips below $80 as focus shifts to weakening demand']"
2023-11-08 00:00:00-05:00,433.0363035751341,433.570741492437,430.383957204877,432.7394104003906,61746000,0.0,0.0,0.0,Two-Year Yield Tops 5% on Powell’s ‘Sterner’ Tone: Markets Wrap,"November 9, 2023 at 6:49 AM GMT+8","['S&P 500 halts winning run; Bitcoin hits 18-month high', 'Fed chief says officials won’t hesitate to tighten if needed']"
2023-11-09 00:00:00-05:00,433.90727124020646,433.9468670681456,428.92916052440904,429.3646240234375,83174400,0.0,0.0,0.0,S&P 500 Rally Powers Ahead to Embolden Bulls: Markets WrapStocks,"November 10, 2023 at 6:27 AM GMT+8","['BofA’s Hartnett says stock outlook flips to greed from caution', 'Consumer long-term inflation expectations reach 12-year high']"
2023-11-10 00:00:00-05:00,431.48254564188335,436.38146450610833,429.35470036458923,436.06475830078125,89462200,0.0,0.0,0.0,,,
2023-11-13 00:00:00-05:00,434.69902047120706,436.77733321712026,433.89737865143684,435.64910888671875,52236100,0.0,0.0,0.0,S&P 500 Up 2% as Bets ‘Fed Is Done’ Sink US Yields: Markets Wrap,"November 14, 2023 at 6:34 AM GMT+8","['Inflation broadly slows, erasing wagers on more Fed rate hikes', 'Fed swaps now pricing in about 50 basis-point rate cut by July']"
2023-11-14 00:00:00-05:00,441.7158705768704,445.417279913705,441.48823233211124,444.10101318359375,97176900,0.0,0.0,0.0,"S&P 500 Tops 4,500 as Treasury Euphoria Dwindles: Markets Wrap","November 15, 2023 at 6:45 AM GMT+8","['US retail sales slow ahead of holidays, but remain resilient', 'Producer prices decline by most since April 2020 on gasoline']"
2023-11-15 00:00:00-05:00,445.466755702075,446.7236740079915,444.17027177282245,445.04119873046875,77327600,0.0,0.0,0.0,‘Fed-Friendly’ Data Lift Bonds as S&P 500 Wavers: Markets Wrap,"November 16, 2023 at 6:51 AM GMT+8","['Continuing jobless claims climb, factory production declines', 'Oil sinks below $73 as algorithms amplify supply-driven drop']"
2023-11-16 00:00:00-05:00,444.5859500364852,445.91212327745325,443.49729134531276,445.5855407714844,66665800,0.0,0.0,0.0,‘Epic’ Stock Rally Fades Amid Signs of Overheating: Markets Wrap,"November 17, 2023 at 6:27 AM GMT+8","['Dollar’s worst week in months erases 2023 gain on Fed cut bets', 'Oil gains, but sees fourth straight weekly drop on supply woes']"
2023-11-17 00:00:00-05:00,445.5954260498807,446.76327641634856,444.6552441361615,446.1397705078125,83133200,0.0,0.0,0.0,,,
2023-11-20 00:00:00-05:00,445.8824415040828,450.43499506972006,445.87253499675177,449.573974609375,69936200,0.0,0.0,0.0,‘Big Seven’ Rally in Focus as Nvidia Underwhelms: Markets Wrap,"November 21, 2023 at 6:48 AM GMT+8","['Chipmaker tops estimates, but misses some loftier expectations', 'Hedge fund bets on US shares most crowded ever, Goldman says']"
2023-11-21 00:00:00-05:00,448.5050787747943,449.4452908464609,447.2976628419637,448.5941467285156,49244600,0.0,0.0,0.0,US Yields Climb Amid Unwinding of Dovish Fed Bets: Markets Wrap,"November 22, 2023 at 6:59 AM GMT+8","['S&P 500 will hit record high next year, RBC’s Calvasina says', 'OPEC+ meeting delayed amid turbulent talks over output level']"
2023-11-22 00:00:00-05:00,450.28654521633837,451.6720971081793,449.2077930218777,450.32611083984375,59394900,0.0,0.0,0.0,"Asia Stocks Set to Open Mixed as Dollar, Oil Slip: Markets Wrap","November 23, 2023 at 6:44 AM GMT+8","['China property developers head for best week since 2022', 'Crude oil extends decline on OPEC+ strife with WTI at $76']"
2023-11-24 00:00:00-05:00,450.375602409821,450.80115937307926,450.03911340147044,450.60321044921875,29737400,0.0,0.0,0.0,,,
2023-11-27 00:00:00-05:00,449.9599164125155,450.79124751788913,449.39578916869465,449.79168701171875,50506000,0.0,0.0,0.0,Treasury Yields Slide as Fedspeak Fuels Pivot Bets: Markets Wrap,"November 28, 2023 at 6:36 AM GMT+8","['Fed’s Waller, Bowman open door to another pause in December', 'US consumer confidence rises for first time in four months']"
2023-11-28 00:00:00-05:00,449.3957924109489,451.5632032452536,448.8217888588466,450.2370300292969,62115000,0.0,0.0,0.0,Bond Yields Fall on Signs Fed Is in ‘Sweet Spot’: Markets Wrap,"November 29, 2023 at 6:38 AM GMT+8","['US third-quarter GDP grew at fastest pace in about two years', 'Meantime, Fed’s preferred inflation metric was revised lower']"
2023-11-29 00:00:00-05:00,452.4341556104476,453.5920994894751,449.51460515096267,449.92034912109375,63146000,0.0,0.0,0.0,S&P 500 Has One of Best November Gains in Century: Markets Wrap,"November 30, 2023 at 6:44 AM GMT+8","['Economy slowed in recent weeks with inflation, labor cooling', 'OPEC+ cuts fail to convince oil traders amid lack of clarity']"
2023-11-30 00:00:00-05:00,450.78140191691597,452.04819657368677,448.66346308298904,451.69189453125,79752700,0.0,0.0,0.0,Bonds Up as Powell Pushback Lasts ‘A Few Seconds’: Markets Wrap,"December 1, 2023 at 6:47 AM GMT+8","['The Fed Chair said policy is ‘well into restrictive territory’', 'He added officials are prepared to tighten further if needed']"
2023-12-01 00:00:00-05:00,451.06837873084663,454.9083584446173,450.46468583703785,454.3640441894531,89097900,0.0,0.0,0.0,,,
2023-12-04 00:00:00-05:00,450.9001296772053,454.3838072045633,449.65311791446675,451.9788818359375,72430900,0.0,0.0,0.0,Treasury Frenzy Drives 10-Year Yield Below 4.2%: Markets Wrap,"December 5, 2023 at 6:34 AM GMT+8","['US job openings decline to lowest level since March 2021', 'BlackRock warns on rate-bet disappointment, volatility in 2024']"
2023-12-05 00:00:00-05:00,450.5636582812445,452.86960927897576,450.1776669290198,451.88983154296875,69793500,0.0,0.0,0.0,,,
2023-12-06 00:00:00-05:00,454.0770262517531,454.1067155710068,449.6234471471,450.0688171386719,69124700,0.0,0.0,0.0,,,
2023-12-07 00:00:00-05:00,452.19660036201515,454.1660622068546,451.58300100549815,453.50299072265625,66995400,0.0,0.0,0.0,,,
2023-12-08 00:00:00-05:00,452.74094240780397,455.99701200291724,452.49352134865967,455.45269775390625,83080900,0.0,0.0,0.0,,,
2023-12-11 00:00:00-05:00,454.94795097422787,457.4023787638933,454.73021923318686,457.2242126464844,65002200,0.0,0.0,0.0,Traders Betting Fed Peak Is Here Curb Pivot Wagers: Markets Wrap,"December 12, 2023 at 6:40 AM GMT+8","['US consumer prices pick up in bumpy path down for inflation', 'Wall Street refrains from big moves before Powell, ‘dot plot’']"
2023-12-12 00:00:00-05:00,456.867948160755,459.4114439486252,455.8485745846702,459.3124694824219,68327600,0.0,0.0,0.0,"S&P 500 Tops 4,700 as Dovish Fed Signs Sink Yields: Markets Wrap","December 13, 2023 at 6:31 AM GMT+8","['Fed holds rates steady again and pivots toward cuts in 2024', 'The median projection is for three rate cuts next year']"
2023-12-13 00:00:00-05:00,459.6984416682364,465.9037814351723,459.3322633169868,465.6464538574219,93278000,0.0,0.0,0.0,Stock Bull Run Is Flashing Signs of Exhaustion: Markets Wrap,"December 14, 2023 at 7:40 AM GMT+8","['S&P 500 closes well off session highs; Nasdaq 100 retreats', 'ECB and BOE reluctant to join Fed in pivoting toward rate cuts']"
2023-12-14 00:00:00-05:00,467.6258047547447,468.8431272464672,464.40933096542636,467.140869140625,119026000,0.0,0.0,0.0,Nasdaq 100 Caps Pivotal Fed Week at Record High: Markets Wrap,"December 15, 2023 at 7:12 AM GMT+8","['US stock gauges notch weekly gains after Fed’s dovish pivot', 'Fed’s Williams and Bostic try to tame rate cut expectations']"
2023-12-15 00:00:00-05:00,466.53069922800955,467.7330941857865,464.4836862534859,466.3717041015625,141319300,1.906,0.0,0.0,,,
2023-12-18 00:00:00-05:00,468.0113365278107,469.99873015646045,466.92821063922304,468.9950866699219,70375300,0.0,0.0,0.0,,,
2023-12-19 00:00:00-05:00,469.5515780504624,471.9265281121234,469.47209564442005,471.8470153808594,55761800,0.0,0.0,0.0,"S&P Logs Worst Day in Two Months, Bonds Power On: Markets Wrap","December 20, 2023 at 6:31 AM GMT+8","['US 10-year yields down more than 40 basis points in December', 'Equity indexes tumbled more than 1% in an afternoon reversal']"
2023-12-20 00:00:00-05:00,470.9725252251721,472.90029943659243,464.8712426631662,465.3084716796875,102921000,0.0,0.0,0.0,Bull Run Steams Ahead Before Key Inflation Data: Markets Wrap,"December 21, 2023 at 6:44 AM GMT+8","['Nike shares slide in postmarket trading after revenue warning', 'Citigroup strategists recommend buying into dips in US stocks']"
2023-12-21 00:00:00-05:00,468.35909941273417,469.9987233929514,465.884804084742,469.7204895019531,86667500,0.0,0.0,0.0,Stocks Extend Bull Run on Soft Landing Narrative: Markets Wrap,"December 22, 2023 at 6:41 AM GMT+8","['S&P 500, Nasdaq 100, MSCI World set eight-week winning streaks', 'Interest rate-cut bets have been weighing on US dollar']"
2023-12-22 00:00:00-05:00,470.87315758591006,472.38359615088183,468.7267991545021,470.66448974609375,67126600,0.0,0.0,0.0,,,
2023-12-26 00:00:00-05:00,471.0818583550927,473.5760167501291,471.00234562743356,472.6518859863281,55387000,0.0,0.0,0.0,S&P 500 Rally Flashes Signs of Fatigue Near Record: Markets Wrap,"December 27, 2023 at 6:35 AM GMT+8","['US Treasuries jump as another smooth auction boosts confidence', 'Bitcoin climbs as optimism builds about ETF approval by SEC']"
2023-12-27 00:00:00-05:00,472.44320687732755,473.6555181808432,471.8966857698918,473.5064697265625,68000300,0.0,0.0,0.0,AI Mania Driving Nasdaq 100’s Best Run Since 1999: Markets Wrap,"December 28, 2023 at 6:40 AM GMT+8","['Tech-heavy gauge set for best year since dot-com bubble era', 'US Treasuries decline after weak sale of seven-year notes']"
2023-12-28 00:00:00-05:00,473.8741380712597,474.5398979496819,473.25805090308876,473.6853332519531,77158100,0.0,0.0,0.0,S&P 500 Bulls Drive Longest Weekly Win Since 2004: Markets Wrap,"December 29, 2023 at 6:57 AM GMT+8","['US 10-year yield ends 2023 almost exactly where it started', 'Dollar closes out worst year since 2020 as US rate bets bite']"
2023-12-29 00:00:00-05:00,473.4865808305558,474.02318559622694,470.3166855971226,472.31402587890625,122234100,0.0,0.0,0.0,,,
2024-01-02 00:00:00-05:00,469.18390513565663,470.6843970729956,467.5244180643753,469.6708068847656,123623700,0.0,0.0,0.0,"Tech Stocks Log Four-Day Losing Streak, Bonds Rise: Markets Wrap","January 3, 2024 at 6:30 AM GMT+8","['Tesla, semiconductor stocks weighed on the Nasdaq 100 gauge', 'Fed’s Barkin says ‘buckle up’ on hopes for a soft landing']"
2024-01-03 00:00:00-05:00,467.46479107021304,468.2200103628402,465.21905686223414,465.83514404296875,103585900,0.0,0.0,0.0,Tech’s Losing Streak Extends Ahead of Jobs Test: Markets Wrap,"January 4, 2024 at 6:49 AM GMT+8","['Nasdaq 100 down for fifth day, longest losing run in a year', 'Crude prices reversed after EIA weekly inventory report']"
2024-01-04 00:00:00-05:00,465.34821561615576,467.99145283580367,464.10609457263064,464.33465576171875,84232200,0.0,0.0,0.0,,,
2024-01-05 00:00:00-05:00,464.54332939837514,467.47474722773467,463.4900131663497,464.97064208984375,86060800,0.0,0.0,0.0,,,
2024-01-08 00:00:00-05:00,465.47739773759395,471.75756896692855,465.3482122979531,471.6085205078125,74879100,0.0,0.0,0.0,Stocks Struggle After Tech-Led Bounce; Oil Climbs: Markets Wrap,"January 9, 2024 at 6:49 AM GMT+8","['HSBC says Goldilocks scenario may flip as Fed bets overdone', 'SEC says it has not yet granted approval of spot-Bitcoin ETFs']"
2024-01-09 00:00:00-05:00,468.8956956528561,471.9364053796454,468.3789842433142,470.8930358886719,65931400,0.0,0.0,0.0,"Bitcoin Near $46,000 After ETF Approval Decision: Markets Wrap","January 10, 2024 at 6:35 AM GMT+8","['SEC approves Bitcoin ETF proposals on an accelerated basis', 'Fed’s Williams says rate high enough to cool inflation to goal']"
2024-01-10 00:00:00-05:00,471.17128604970503,474.4405570663512,470.88310548192015,473.55615234375,67310600,0.0,0.0,0.0,"Stocks, Bonds Gyrate After ‘Not Great’ CPI Report: Markets Wrap","January 11, 2024 at 6:43 AM GMT+8","['US inflation accelerates, tempering case for Fed to cut rates', 'Fed’s Mester says March is probably too early for a rate cut']"
2024-01-11 00:00:00-05:00,474.57964746308846,475.1063055500736,469.28325690247203,473.34747314453125,77940700,0.0,0.0,0.0,Bond Traders Reload Fed-Cut Wagers After PPI Data: Markets Wrap,"January 12, 2024 at 6:55 AM GMT+8","['S&P 500 little changed Friday, while notching weekly advance', 'Oil climbs as strikes against Houthis raise Middle East risks']"
2024-01-12 00:00:00-05:00,474.82807645137143,475.58329572531596,472.2345423530404,473.6753845214844,57944000,0.0,0.0,0.0,,,
2024-01-16 00:00:00-05:00,472.2643382845699,473.6058046686393,470.0781932527504,471.9364013671875,85014900,0.0,0.0,0.0,,,
2024-01-17 00:00:00-05:00,468.8460411153515,469.8099282442227,466.9083201853339,469.3130798339844,68843900,0.0,0.0,0.0,Nasdaq 100 Hits Record High in Tech-Fueled Rebound: Markets Wrap,"January 18, 2024 at 6:54 AM GMT+8","['Traders weigh latest data showing US labor-market strength', 'Bostic urges caution on Fed rate cuts amid global uncertainty']"
2024-01-18 00:00:00-05:00,471.02222364235894,474.0529867121864,469.442249390282,473.486572265625,91856200,0.0,0.0,0.0,S&P 500 Hits All-Time High in Historic Bull Run: Markets Wrap,"January 19, 2024 at 6:21 AM GMT+8","['US consumer sentiment jumps, price outlook hits three-year low', 'Fed officials say data don’t show it’s time for a rate cut yet']"
2024-01-19 00:00:00-05:00,474.6392602498069,479.67731019553725,473.53627138162756,479.3891296386719,110733300,0.0,0.0,0.0,,,
2024-01-22 00:00:00-05:00,480.9592082725313,482.16157293547025,479.7369502650216,480.4027404785156,75844900,0.0,0.0,0.0,US Stocks Buck Concerns the ‘Pivot Party’ Is Over: Markets Wrap,"January 23, 2024 at 6:35 AM GMT+8","['S&P 500, Nasdaq 100 set fresh closing highs on Tuesday', 'Netflix rallies in afterhours trading as subscribers surge']"
2024-01-23 00:00:00-05:00,480.95921495798353,482.0522572166377,479.846279354482,481.8038330078125,49945300,0.0,0.0,0.0,Nasdaq 100 Gains for Fifth Day; Treasuries Decline: Markets Wrap,"January 24, 2024 at 6:55 AM GMT+8","['The Bloomberg Dollar Spot Index trimmed a steeper drop', 'Bank of Canada held its key interest rate at 5%, as expected']"
2024-01-24 00:00:00-05:00,484.7352346502704,485.6891750893112,481.82371029790653,482.33050537109375,81765000,0.0,0.0,0.0,Stocks Climb as Soft-Landing Chorus Grows Louder: Markets Wrap,"January 25, 2024 at 6:45 AM GMT+8","['US GDP increased 3.3% last quarter, capping a strong year', 'Lagarde’s talk of mid-2024 ECB cut sees traders bet on April']"
2024-01-25 00:00:00-05:00,484.5066817231831,485.23209131821966,482.3305135885141,484.953857421875,72525000,0.0,0.0,0.0,Bond Yields Rise on Bets Fed ‘Not Rushing’ to Ease: Markets Wrap,"January 26, 2024 at 6:54 AM GMT+8","['US December personal spending topped economist estimates', 'Fed’s preferred core price gauge cooled to lowest since 2021']"
2024-01-26 00:00:00-05:00,484.51662670345155,486.0369816183863,483.47325717710777,484.3377685546875,76641600,0.0,0.0,0.0,,,
2024-01-29 00:00:00-05:00,484.6557664478354,488.32251018135617,484.0992986483241,488.1734313964844,61322800,0.0,0.0,0.0,Tech Giants Slide in Late Trading After Earnings: Markets Wrap,"January 30, 2024 at 7:09 AM GMT+8","['Alphabet slumps as its search revenue misses estimates', 'Microsoft’s cloud growth disappoints some; revenue beats']"
2024-01-30 00:00:00-05:00,487.4679309728156,488.5212472221949,487.02075525411504,487.7958679199219,58618400,0.0,0.0,0.0,S&P 500 Has Its Worst Fed-Decision Day Since March: Markets Wrap,"January 31, 2024 at 6:43 AM GMT+8","['Powell says Fed to keep options open instead of hurrying', 'No cut until officials are more confident on inflation path']"
2024-01-31 00:00:00-05:00,485.54014437745394,485.99723643210365,479.8164408836042,479.8363342285156,126011100,0.0,0.0,0.0,"QQQ Up in Late Trading as Meta Soars, Apple Falls: Markets Wrap","February 1, 2024 at 6:29 AM GMT+8","['Meta and Amazon climb after giving bullish forecasts', 'Apple China slump deepens even as total sales grow again']"
2024-02-01 00:00:00-05:00,481.57528395187387,486.1462952866272,480.75049862760767,486.1164855957031,91891600,0.0,0.0,0.0,Stock Bull Run Powers Ahead as US Economy Roars: Markets Wrap,"February 2, 2024 at 7:07 AM GMT+8","['Blockbuster jobs report turns slowdown narrative on its head', 'American consumer sentiment increases sharply at start of 2024']"
2024-02-02 00:00:00-05:00,486.56362179743365,492.9232751183183,486.2158218597219,491.2340087890625,99147700,0.0,0.0,0.0,,,
2024-02-05 00:00:00-05:00,490.58811858913293,491.2638251299827,487.13998950613654,489.4453430175781,75757100,0.0,0.0,0.0,Treasuries Rally Before Record 10-Year Bond Sale: Markets Wrap,"February 6, 2024 at 6:59 AM GMT+8","['Mester says Fed should gain confidence to cut later this year', 'Minneapolis chief Kashkari says more inflation progress needed']"
2024-02-06 00:00:00-05:00,490.40924115639297,491.2042168034192,488.94850562552875,490.8663635253906,55918600,0.0,0.0,0.0,"S&P 500 Closes on the Brink of Historic 5,000 Mark: Markets Wrap","February 7, 2024 at 6:55 AM GMT+8","['Treasury’s biggest-ever 10-year auction garners solid demand', 'Fed officials add to chorus tempering hopes for rate cuts soon']"
2024-02-07 00:00:00-05:00,493.1617993796684,495.3876705347539,492.2376382972266,494.96038818359375,70556500,0.0,0.0,0.0,Bonds Fall After $25 Billion Sale as Stocks Churn: Markets Wrap,"February 8, 2024 at 7:11 AM GMT+8","['US Treasury sees solid demand in auction of 30-year bonds', 'Risk of big US CPI revision on Friday leaves traders cautious']"
2024-02-08 00:00:00-05:00,494.9603710915764,495.5665115699346,494.12566943724335,495.1789855957031,52343600,0.0,0.0,0.0,"Stock Mania Rages On as S&P 500 Closes Above 5,000: Markets Wrap","February 9, 2024 at 6:42 AM GMT+8","['US CPI revisions confirm inflation progress at end of 2023', 'BofA’s Hartnett says stocks close to triggering a sell signal']"
2024-02-09 00:00:00-05:00,495.6957227505554,498.48800841521756,495.34792279521304,498.0408630371094,63979400,0.0,0.0,0.0,,,
2024-02-12 00:00:00-05:00,498.0110399259425,500.3263401330144,497.08687885231325,497.8222351074219,56502300,0.0,0.0,0.0,Wall Street Caught Off Guard by ‘Sticky’ CPI Signs: Markets Wrap,"February 13, 2024 at 6:52 AM GMT+8","['US CPI tops estimates across the board as inflation persists', 'Traders pull back bets on Fed interest-rate cuts before July']"
2024-02-13 00:00:00-05:00,491.41290447459005,493.9567659972918,487.62692188317754,490.9657287597656,113099200,0.0,0.0,0.0,Dip Buyers Wade Back In to Fuel Wall Street Gains: Markets Wrap,"February 14, 2024 at 6:43 AM GMT+8","['Cisco plans to cut thousands of jobs after sales growth stalls', 'Bitcoin advances past $51,000 in broad cryptocurrency rally']"
2024-02-14 00:00:00-05:00,493.6586500784336,495.9242776075879,491.28370013032355,495.42742919921875,68387800,0.0,0.0,0.0,Wall Street Looks Past Inflation Angst Before PPI: Markets Wrap,"February 15, 2024 at 6:56 AM GMT+8","['Both US retail sales and industrial production showed declines', 'Homebuilder sentiment climbed to six-month high in February']"
2024-02-15 00:00:00-05:00,496.14290752171655,499.0345689872151,495.65597544524957,498.84576416015625,61683000,0.0,0.0,0.0,Wall Street Ends Wild Week on Sour Note After PPI: Markets Wrap,"February 16, 2024 at 6:56 AM GMT+8","['US producer prices increase by more than forecast in January', 'Fed’s Daly says three rate cuts in 2024 is reasonable baseline']"
2024-02-16 00:00:00-05:00,498.53770970529985,499.70031800952876,495.6062919386821,496.36151123046875,75461200,0.0,0.0,0.0,,,
2024-02-20 00:00:00-05:00,494.5827856771807,495.2684389134537,491.33340797174577,493.62884521484375,71736700,0.0,0.0,0.0,Tech Up in Late Hours on Nvidia’s Bullish Outlook: Markets Wrap,"February 21, 2024 at 6:51 AM GMT+8","['Chipmaker gives upbeat forecast as AI reaches ‘tipping point’', 'Nvidia also posts sales that beat the average analyst estimate']"
2024-02-21 00:00:00-05:00,492.2972932908916,494.2349839002045,490.4490014313832,494.07598876953125,59603800,0.0,0.0,0.0,Stocks Rally as AI Craze Sweeps Across the World: Markets Wrap,"February 22, 2024 at 7:05 AM GMT+8","['Nvidia tops Meta record with $277 billion surge in value', 'Giant chipmaker’s profits are rising even more than its stock']"
2024-02-22 00:00:00-05:00,500.83315518542463,505.28489763073145,499.84937469040966,504.3011474609375,76402500,0.0,0.0,0.0,"Stock Rally Wanes After S&P 500 Touches 5,100 Mark: Markets Wrap","February 23, 2024 at 7:10 AM GMT+8","['BofA sees AI, economic growth as ‘magic sauce’ for stock gains', 'Goldman pushes back bet on first Fed interest-rate cut to June']"
2024-02-23 00:00:00-05:00,506.05995825466897,506.91455327150584,503.90365318149185,504.64892578125,61321800,0.0,0.0,0.0,,,
2024-02-26 00:00:00-05:00,505.0960658191387,505.5432415043655,502.67144322747856,502.8006286621094,50386700,0.0,0.0,0.0,Treasuries Mixed Amid Another Flurry of Bond Sales: Markets Wrap,"February 27, 2024 at 6:56 AM GMT+8","['US tests appetite with $42 billion auction of seven-year notes', 'Seven high-grade corporate deals add to record February haul']"
2024-02-27 00:00:00-05:00,503.5062103416199,503.96330240547655,501.5684893374194,503.7347412109375,48854500,0.0,0.0,0.0,Stocks Decline in Run-Up to Key Inflation Report: Markets Wrap,"February 28, 2024 at 6:49 AM GMT+8","['GDP revised slightly lower despite stronger consumer spending', 'Bitcoin surpasses $60,000 as demand from ETFs triggers rally']"
2024-02-28 00:00:00-05:00,502.1448086222286,503.66516356778334,501.7771456450688,503.0689697265625,56506600,0.0,0.0,0.0,Stocks End Month at New Highs After Inflation Data: Markets Wrap,"February 29, 2024 at 6:36 AM GMT+8","['Fed’s preferred inflation metric matches economist estimates', 'NYCB takes $2.4 billion hit, flags weakness and replaces CEO']"
2024-02-29 00:00:00-05:00,504.8675555766805,506.52701230026423,502.1646989867113,504.8774719238281,83924800,0.0,0.0,0.0,S&P 500 Posts 15th Record This Year as Tech Roars: Markets Wrap,"March 1, 2024 at 6:29 AM GMT+8","['Waller would like Fed to boost share of short-term Treasuries', 'Manufacturing gauge drops as industry struggles for momentum']"
2024-03-01 00:00:00-05:00,505.7718295220385,510.0546301595133,505.3544635053311,509.6174011230469,76805900,0.0,0.0,0.0,,,
2024-03-04 00:00:00-05:00,508.80263542245945,510.9589406396073,508.7727954042659,509.0708923339844,49799300,0.0,0.0,0.0,Tech Giants Drag Down US Stocks After Torrid Rally: Markets Wrap,"March 5, 2024 at 7:14 AM GMT+8","['Citi says bullish bets on tech shares are at three-year high', 'Services growth cools while orders, business activity pick up']"
2024-03-05 00:00:00-05:00,507.02383348908023,507.48095584038447,501.7274430139352,503.9831237792969,72855600,0.0,0.0,0.0,Stocks and Bonds Climb as Powell Sticks to Script: Markets Wrap,"March 6, 2024 at 6:46 AM GMT+8","['Powell reiterates Fed needs confidence on inflation to cut', 'NYCB whipsaws after raising more than $1 billion in equity']"
2024-03-06 00:00:00-05:00,507.33187155193156,508.8423100437982,505.21532291436665,506.53692626953125,68382400,0.0,0.0,0.0,"Stocks Climb on Bets Fed, ECB Closer to Rate Cuts: Markets Wrap","March 7, 2024 at 6:49 AM GMT+8","['Powell says Fed ‘not far’ from confidence needed to cut rates', 'ECB holds rates as slowing inflation raises prospect of easing']"
2024-03-07 00:00:00-05:00,509.9055763312452,512.638242455269,506.5965490971227,511.5650329589844,58652100,0.0,0.0,0.0,Stocks Suffer ‘Heat Check’ as Rally Hits a Wall: Markets Wrap,"March 8, 2024 at 6:44 AM GMT+8","['Nasdaq 100 falls 1.5% as Nvidia halts six-day winning streak', 'Payrolls exceed expectations at 275,000, while wage gains cool']"
2024-03-08 00:00:00-05:00,512.2109840771541,514.9535363508023,507.90825986942224,508.4945373535156,86425500,0.0,0.0,0.0,,,
2024-03-11 00:00:00-04:00,507.262366680964,508.6535361723951,505.29483604829835,508.05731201171875,62557200,0.0,0.0,0.0,Stock Traders Bracing for Worst Shrug Off Hot CPI: Markets Wrap,"March 12, 2024 at 6:51 AM GMT+8","['S&P 500 closes at another all-time high amid technology rally', 'Traders still betting Fed will be able to cut rates this year']"
2024-03-12 00:00:00-04:00,510.21361682879507,514.1188378426228,507.6399155176739,513.5226440429688,73114400,0.0,0.0,0.0,Stocks Struggle Near Record Before Inflation Data: Markets Wrap,"March 13, 2024 at 6:27 AM GMT+8","['S&P 500 is in best stretch without a 2% decline since 2018', 'Treasuries stabilize after strong demand for bond auction']"
2024-03-13 00:00:00-04:00,513.8506024884553,514.0294606569565,511.2471213961914,512.7177734375,55104100,0.0,0.0,0.0,Bond Yields Jump as Hot Inflation Curbs Fed Wagers: Markets Wrap,"March 14, 2024 at 6:32 AM GMT+8","['Producer prices climb, adding to signs of persisting inflation', 'Retail sales miss forecasts after steep drop in prior month']"
2024-03-14 00:00:00-04:00,513.7113888258792,513.8704142729376,508.59388686308216,511.70416259765625,110171800,0.0,0.0,0.0,Stocks Fall as ‘Triple Witching’ Spurs Volume Jump: Markets Wrap,"March 15, 2024 at 6:41 AM GMT+8","['Big pile of options expiring on Friday amplified market swings', 'Treasury 10-year bonds notched their worst week this year']"
2024-03-15 00:00:00-04:00,508.5693041375855,510.05453341506444,506.48602862159686,508.1905212402344,107585800,1.595,0.0,0.0,,,
2024-03-18 00:00:00-04:00,512.3471030376196,513.8223242549665,510.7921220456132,511.21075439453125,88893300,0.0,0.0,0.0,‘Most-Crowded Trade’ Drives S&P 500 to New Record: Markets Wrap,"March 19, 2024 at 6:38 AM GMT+8","['Tech megacaps lead gains as bonds rebound after selloff', 'Traders awaiting to hear if Fed will change rate-cut outlook']"
2024-03-19 00:00:00-04:00,510.50308618863556,514.3406812773414,509.47636919194895,514.0516357421875,60755300,0.0,0.0,0.0,"S&P 500 Closes at Historic 5,200 Mark After Fed: Markets Wrap","March 20, 2024 at 5:49 AM GMT+8","['Short-end bonds rally as Fed reassures market of cuts in 2024', 'The central bank’s ‘dot plot’ confirmed three cuts this year']"
2024-03-20 00:00:00-04:00,514.1114592851128,518.9458388177766,513.4236756826768,518.8062744140625,69594600,0.0,0.0,0.0,S&P 500 Hits 20th Record This Year in Risk-On Push: Markets Wrap,"March 21, 2024 at 6:50 AM GMT+8","['Stocks extend 2024 rally on Wall Street’s ‘soft landing’ hopes', 'Latest housing and manufacturing data show economic strength']"
2024-03-21 00:00:00-04:00,521.7069276542877,522.4245831177392,520.2316455812768,520.520751953125,60256100,0.0,0.0,0.0,S&P 500 Hits a Wall at End of Best Week in 2024: Markets Wrap,"March 22, 2024 at 6:28 AM GMT+8","['BofA says US stocks suffered big outflows in run-up to Fed', 'Treasury yields fall; US dollar hovers near this year’s high']"
2024-03-22 00:00:00-04:00,520.4310048593983,520.9293969793162,519.2946562246536,519.533935546875,79023000,0.0,0.0,0.0,,,
2024-03-25 00:00:00-04:00,518.1284436687797,519.2747698977765,517.9390522267424,518.0985717773438,48512100,0.0,0.0,0.0,S&P 500 Turns Lower in Final 30 Minutes of Trading: Markets Wrap,"March 26, 2024 at 6:38 AM GMT+8","['Stocks retreat amid quarter-end positioning, relabancing', 'American shares are on course for a five-month winning streak']"
2024-03-26 00:00:00-04:00,519.5538635797216,519.9027745896371,516.7330078019103,517.1416625976562,65463700,0.0,0.0,0.0,S&P 500 Gets Late-Day Boost to Finish at Record: Markets Wrap,"March 27, 2024 at 6:11 AM GMT+8","['Stock gauge is up 10% in first quarter, largely beating bonds', 'Goldman sees pension funds offloading $32 billion of stocks']"
2024-03-27 00:00:00-04:00,520.0323437649558,521.5275201709945,517.819451047799,521.4876098632812,82999800,0.0,0.0,0.0,Stock Bulls Crush Naysayers With $4 Trillion Rally: Markets Wrap,"March 28, 2024 at 6:31 AM GMT+8","['Key gauges of US economic activity expand at firm pace', 'Traders await Friday’s inflation figures, Powell’s remarks']"
2024-03-28 00:00:00-04:00,521.5275038479859,522.9229652799493,521.098893925669,521.387939453125,96294900,0.0,0.0,0.0,,,
2024-04-01 00:00:00-04:00,522.1455084552367,522.6937276225904,519.2946592750098,520.4808349609375,62477500,0.0,0.0,0.0,Stocks Fall on Fears Rate Cuts Will Be Delayed: Markets Wrap,"April 2, 2024 at 5:58 AM GMT+8","['Solid economic signs fuel doubts about pace of policy easing', 'Treasury 10-year yields hit the highest levels in 2024']"
2024-04-02 00:00:00-04:00,516.5734627676684,517.3110733824194,514.8191127439995,517.1715698242188,74230300,0.0,0.0,0.0,Bonds Get Some Relief From Powell’s Deja-Vu Tone: Markets Wrap,"April 3, 2024 at 6:35 AM GMT+8","['Powell says Fed has time to assess data before deciding to cut', 'Stocks struggle to gain much traction as Intel and Disney sink']"
2024-04-03 00:00:00-04:00,516.0551172277823,519.2747717539253,516.0052901826223,517.7396850585938,59155800,0.0,0.0,0.0,S&P 500 Falls 1% as Oil Jump Spurs Flight to Bonds: Markets Wrap,"April 4, 2024 at 6:08 AM GMT+8","['Brent crude hits $90 a barrel as Middle East tensions escalate', 'Fed’s Kashkari floats possibility of no rate cuts this year']"
2024-04-04 00:00:00-04:00,521.8365126123222,522.1853627659965,511.111104294994,511.42010498046875,96858100,0.0,0.0,0.0,Stock Bull Run Powers Ahead After Blockbuster Jobs: Markets Wrap,"April 5, 2024 at 6:09 AM GMT+8","['US payrolls increased in March by the most in nearly a year', 'Bond yields climb on speculation Fed will be in no rush to cut']"
2024-04-05 00:00:00-04:00,512.8056739414428,518.7664245993375,512.3571088377373,516.7628784179688,74482100,0.0,0.0,0.0,,,
2024-04-08 00:00:00-04:00,517.4805506343731,518.5072067417511,516.2245927866272,517.0518798828125,48401800,0.0,0.0,0.0,S&P 500 Stages Late-Day Rebound With CPI in Focus: Markets Wrap,"April 9, 2024 at 6:13 AM GMT+8","['Tech megacaps lead gains in equities before inflation data', 'Treasury yields fall after hitting the highest levels in 2024']"
2024-04-09 00:00:00-04:00,518.8262225747569,519.0754186470791,512.6959748600776,517.6500244140625,68124400,0.0,0.0,0.0,S&P 500 Hit by Fed-Pivot Rethink and War Jitters: Markets Wrap,"April 10, 2024 at 6:14 AM GMT+8","['US core CPI rises more than forecast for third straight month', 'Yields soar as traders price in just two Fed rate cuts in 2024']"
2024-04-10 00:00:00-04:00,511.828779291004,514.5001538955246,510.4432953613143,512.4667358398438,82652800,0.0,0.0,0.0,‘Mag Seven’ Power Stocks in Run-Up to US Earnings: Markets Wrap,"April 11, 2024 at 6:45 AM GMT+8","['Producer prices climb, but show some relief in key categories', 'ECB holds interest rates and firms path to first cut in June']"
2024-04-11 00:00:00-04:00,514.0216818131133,517.8094497000849,510.43328293890454,516.334228515625,70099000,0.0,0.0,0.0,Stocks Get Hit as War Jitters Fuel Rush to Bonds: Markets Wrap,"April 12, 2024 at 6:29 AM GMT+8","['Oil rises as Israel prepares for a possible Iranian attack', 'Wall Street parses bank results as earnings season kicks off']"
2024-04-12 00:00:00-04:00,512.7159145142723,514.1612638578232,507.4429172659005,509.2072448730469,92469100,0.0,0.0,0.0,,,
2024-04-15 00:00:00-04:00,513.4734993236136,513.6429356190649,501.9606224518471,502.8278503417969,92101400,0.0,0.0,0.0,US Yields Spike as Hawkish Powell Puts 5% in Play: Markets Wrap,"April 16, 2024 at 6:18 AM GMT+8","['Fed chief signals rate-cut delay after inflation surprises', 'Dollar notches best run since October 2022; S&P 500 retreats']"
2024-04-16 00:00:00-04:00,503.31626663179304,504.87124770548456,500.5950345431116,501.9107971191406,73484000,0.0,0.0,0.0,S&P 500 Suffers Its Longest Slide Since January: Markets Wrap,"April 17, 2024 at 6:31 AM GMT+8","['Equities extend losses from their all-time highs as tech sinks', 'Treasuries climb amid dip buying, solid sale of 20-year bonds']"
2024-04-17 00:00:00-04:00,504.42268229635664,504.5921490117264,497.51497440556665,498.94036865234375,75910300,0.0,0.0,0.0,Treasuries Hit as Hawkish Fed Views Keep Piling Up: Markets Wrap,"April 18, 2024 at 6:14 AM GMT+8","['Jobless claims hold steady in sign of resilient labor market', 'Fed’s Williams says hike not baseline, but possible if needed']"
2024-04-18 00:00:00-04:00,500.36577696868045,502.5088570574245,496.95676139324104,497.9136657714844,74548100,0.0,0.0,0.0,‘Mag Seven’ Get Crushed Before Next Week’s Results: Markets Wrap,"April 19, 2024 at 6:18 AM GMT+8","['S&P 500 breaks below 5,000 as stocks extend rout from record', 'Nvidia shares tumble 10%, leading broader technology selloff']"
2024-04-19 00:00:00-04:00,497.83392331921834,498.85063229314227,492.27185022446037,493.56768798828125,102129100,0.0,0.0,0.0,,,
2024-04-22 00:00:00-04:00,496.2291002358965,500.7644869205067,493.83682406944024,498.113037109375,67961000,0.0,0.0,0.0,Tech Giants Roar as Tesla Spikes in Late Hours: Markets Wrap,"April 23, 2024 at 6:31 AM GMT+8","['Tesla to accelerate launch of cheaper cars after sales miss', 'S&P 500 notches its best back-to-back rally in two months']"
2024-04-23 00:00:00-04:00,500.16640606968423,504.4625438079266,497.92364147883853,504.0239562988281,64633600,0.0,0.0,0.0,Tech Giants Hit in Late Hours After Meta’s Outlook: Markets Wrap,"April 24, 2024 at 6:58 AM GMT+8","['Wall Street traders gearing up for GDP report on Thursday', 'Yen weakens past key 155 level, adding to intervention risk']"
2024-04-24 00:00:00-04:00,504.93102480196853,505.73841760700446,501.51206214168633,503.78472900390625,55928100,0.0,0.0,0.0,Big Tech Surges in Late Hours on Blowout Earnings: Markets Wrap,"April 25, 2024 at 6:48 AM GMT+8","['Alphabet beats revenue estimates, announces dividend', 'Microsoft sales, profit beat expectations on AI demand']"
2024-04-25 00:00:00-04:00,497.5747728035381,502.64840117117535,495.89020492590225,501.87091064453125,69122400,0.0,0.0,0.0,‘AI Craze’ Powers Best Week in 2024 for Stocks: Markets Wrap,"April 26, 2024 at 6:53 AM GMT+8","['Microsoft, Google gain after AI fuels cloud-computing demand', 'Fed’s preferred core inflation gauge meets analyst estimates']"
2024-04-26 00:00:00-04:00,504.721718239114,508.2403654748059,504.07381455130115,506.6255798339844,64306100,0.0,0.0,0.0,,,
2024-04-29 00:00:00-04:00,508.44967159766503,509.10755284933043,505.61880799377946,508.4197692871094,46415400,0.0,0.0,0.0,Wall Street Hit by Fed Jitters to Close Wild April: Markets Wrap,"April 30, 2024 at 6:39 AM GMT+8","['Labor costs rise by most in year, signaling wage pressures', 'US consumer confidence slumps to lowest level since July 2022']"
2024-04-30 00:00:00-04:00,506.9246108674953,507.9213951472284,500.36578369140625,500.36578369140625,77483600,0.0,0.0,0.0,Treasuries Rally With Fed Not as Hawkish as Feared: Markets Wrap,"May 1, 2024 at 6:37 AM GMT+8","['Powell says it’s unlikely next Fed move will be a rate hike', 'Fed to slow pace of balance-sheet runoff starting in June']"
2024-05-01 00:00:00-04:00,499.7677144385784,506.5558130505009,498.2625604196767,498.74102783203125,80242800,0.0,0.0,0.0,,,
2024-05-02 00:00:00-04:00,502.528769823619,504.2631950909653,497.94355622376423,503.40594482421875,62550200,0.0,0.0,0.0,,,
2024-05-03 00:00:00-04:00,509.5162566822298,510.90177101459005,506.9246114679655,509.6458435058594,72756700,0.0,0.0,0.0,,,
2024-05-06 00:00:00-04:00,512.0979354776279,514.9487239818252,511.64937037366593,514.9088745117188,47264700,0.0,0.0,0.0,"Stock Rally Wavers as S&P 500 Briefly Tops 5,200: Markets Wrap","May 7, 2024 at 6:31 AM GMT+8","['JPMorgan strategists see stock pause on stretched positioning', 'Goldman says Corporate America is set to save equity rally']"
2024-05-07 00:00:00-04:00,515.8956831550241,516.9024450386478,514.789267176321,515.47705078125,52561300,0.0,0.0,0.0,S&P 500 ‘Bumps Into a Wall’ After Blistering Rally: Markets Wrap,"May 8, 2024 at 6:31 AM GMT+8","['Citi’s Montagu says fewer investors keen to join stock advance', 'Treasuries hold losses as $42 billion sale sees tepid demand']"
2024-05-08 00:00:00-04:00,513.6030691416237,516.0750746456811,513.4834598971618,515.52685546875,42047200,0.0,0.0,0.0,"S&P 500 Is Back to 5,200 as Traders Ride Momentum: Markets Wrap","May 9, 2024 at 6:21 AM GMT+8","['Treasuries rise as $25 billion sale of bonds sees good demand', 'Initial jobless claims increase to highest level since August']"
2024-05-09 00:00:00-04:00,515.7162472242221,518.5371637254024,515.0484188024253,518.4972534179688,43643700,0.0,0.0,0.0,Stock Rally Fades With Fed on Tightrope After Data: Markets Wrap,"May 10, 2024 at 6:02 AM GMT+8","['US consumer sentiment slumps as inflation expectations rise', 'Fed officials keep signaling need for higher-for-longer rates']"
2024-05-10 00:00:00-04:00,520.1320127003125,520.9593607034861,517.9191807588884,519.1651611328125,52233200,0.0,0.0,0.0,,,
2024-05-13 00:00:00-04:00,520.8795816495212,520.9892133170371,518.068642729301,519.23486328125,36716400,0.0,0.0,0.0,S&P 500 Gets Close to All-Time High Before Key CPI: Markets Wrap,"May 14, 2024 at 6:27 AM GMT+8","['Tech megacaps lead gains in stocks as bonds yields decline', 'Producer prices top forecasts, but details offer some relief']"
2024-05-14 00:00:00-04:00,519.4342275520697,522.1455123568275,518.8860083806196,521.6171875,57535900,0.0,0.0,0.0,"S&P 500 Tops 5,300 in Record-Breaking Stock Rally: Markets Wrap","May 15, 2024 at 6:26 AM GMT+8","['Core CPI cools for first time in six months in relief for Fed', 'US retail sales stall after downward revisions in prior months']"
2024-05-15 00:00:00-04:00,524.1391058601715,528.3754391380512,523.4911717291769,528.076416015625,59504900,0.0,0.0,0.0,"Dow Average Touches 40,000 Before Pulling Back: Markets Wrap","May 16, 2024 at 6:33 AM GMT+8","['US equities edge lower after breaking fresh records this week', 'Treasuries retreat while US dollar rebounds from one-month low']"
2024-05-16 00:00:00-04:00,528.1760438564638,529.8107846296507,526.8403261908398,526.9898681640625,50244800,0.0,0.0,0.0,"Dow Makes History to Close Week Above 40,000 Mark","May 17, 2024 at 6:45 AM GMT+8","['Blue-chip gauge hits milestone in final stretch of US trading', 'VIX index closes at lowest since 2019 as S&P 500 grinds higher']"
2024-05-17 00:00:00-04:00,527.1094799982458,527.8172187220256,525.6242811909807,527.7474365234375,59187600,0.0,0.0,0.0,,,
2024-05-20 00:00:00-04:00,527.8670541909717,529.8506451579073,527.4683161466429,528.35546875,37764200,0.0,0.0,0.0,,,
2024-05-21 00:00:00-04:00,527.5779777569714,529.8107646611304,527.3686311701265,529.6512451171875,33437000,0.0,0.0,0.0,Tech Up in Late Hours as Nvidia Emboldens AI Bulls: Markets Wrap,"May 22, 2024 at 6:41 AM GMT+8","['Nvidia forecast shatters estimates as AI boom stays strong', 'Minutes show officials rallying around higher-for-longer rates']"
2024-05-22 00:00:00-04:00,528.9435910957411,529.6712241359859,525.9033504362835,528.126220703125,48390000,0.0,0.0,0.0,Stocks Join Bonds in Falling as Fed-Cut Bets Wane: Markets Wrap,"May 23, 2024 at 6:21 AM GMT+8","['Business activity expands most in two years, prices pick up', 'Nvidia stock surges as sales forecast delivers on AI hopes']"
2024-05-23 00:00:00-04:00,531.2461666505624,531.3557983189735,523.0326131578631,524.2686767578125,57211200,0.0,0.0,0.0,Stocks Rise on Hopes Inflation Pressures Will Ease: Markets Wrap,"May 24, 2024 at 6:46 AM GMT+8","['US consumers tempered inflation expectations in late May', 'Waller says he still thinks neutral rate is relatively low']"
2024-05-24 00:00:00-04:00,526.152573970139,528.5648358055848,525.1857223916041,527.7374877929688,41258400,0.0,0.0,0.0,,,
2024-05-28 00:00:00-04:00,528.5648048650257,528.8040233513246,525.4149325584038,528.1062622070312,36269600,0.0,0.0,0.0,Stocks Fall as Weak Treasury Sale Lifts US Yields: Markets Wrap,"May 29, 2024 at 6:19 AM GMT+8","['A $44 billion auction of seven-year notes sees tepid demand', 'Fed’s Beige Book points to modest growth in US economy, prices']"
2024-05-29 00:00:00-04:00,523.9895707481159,525.6143340466289,523.6805700444107,524.408203125,45190300,0.0,0.0,0.0,Tech Rout Hits Stocks as Treasuries Gain After GDP: Markets Wrap,"May 30, 2024 at 6:23 AM GMT+8","['Economy grew at softer pace as spending, inflation marked down', 'S&P 500, Dow Industrials did not print for more than an hour']"
2024-05-30 00:00:00-04:00,522.8332742385177,523.5110802018719,519.6535301693403,520.9293823242188,46468500,0.0,0.0,0.0,S&P 500 Spikes in Final 20 Minutes of US Trading: Markets Wrap,"May 31, 2024 at 6:41 AM GMT+8","['BofA says a drop in US tech could be the next ‘pain trade’', 'Treasuries climb as inflation cooldown reinforces Fed-cut bets']"
2024-05-31 00:00:00-04:00,521.9063202695489,525.8037201273548,516.6930969914932,525.6741333007812,90785800,0.0,0.0,0.0,,,
2024-06-03 00:00:00-04:00,527.3188306057978,527.607876140248,520.9194318293966,526.1027221679688,46835700,0.0,0.0,0.0,Bonds Rally as Traders Reload Fed Bets After Data: Markets Wrap,"June 4, 2024 at 6:36 AM GMT+8","['US job openings fall to lowest since 2021 in broad cooldown', 'Fed swaps price in a first interest-rate cut in November']"
2024-06-04 00:00:00-04:00,524.7670705861944,527.448422715758,523.271894175781,526.6908569335938,34632700,0.0,0.0,0.0,S&P 500 Hits 25th Record This Year as Tech Soars: Markets Wrap,"June 5, 2024 at 6:31 AM GMT+8","['Nvidia tops $3 trillion in value to lead rally in megacaps', 'Treasury yields drop as traders boost bets on Fed rate cuts']"
2024-06-05 00:00:00-04:00,529.0632004530347,532.9705777122101,527.0297216284232,532.9506225585938,47610400,0.0,0.0,0.0,Wall Street Rally Takes a Breather Before US Jobs: Markets Wrap,"June 6, 2024 at 6:01 AM GMT+8","['There’s no consensus about market reaction to payrolls: 22V', 'ECB delivers landmark rate cut, but few signals on next steps']"
2024-06-06 00:00:00-04:00,533.2596521088368,533.6982396399549,530.9670603575372,532.940673828125,30808500,0.0,0.0,0.0,Treasury Yields Surge as Jobs Spark Rethink on Fed: Markets Wrap,"June 7, 2024 at 6:42 AM GMT+8","['Strong US payrolls and wage growth push back bets for Fed cuts', 'Traders no longer fully price in rate cut before December']"
2024-06-07 00:00:00-04:00,531.9438746415309,535.1635292517811,530.8274811096986,532.2927856445312,43224500,0.0,0.0,0.0,,,
2024-06-10 00:00:00-04:00,531.465433426715,534.2663948110896,530.8574096191727,533.9374389648438,35729300,0.0,0.0,0.0,Stocks Rise as Solid Treasury Sale Spurs CPI Bets: Markets Wrap,"June 11, 2024 at 6:14 AM GMT+8","['US yields slide after $39 billion auction draws strond demand', 'Investors positioning for US inflation, Fed meeting Wednesday']"
2024-06-11 00:00:00-04:00,532.3525840629304,535.2831322595525,530.3390603627206,535.2233276367188,36383400,0.0,0.0,0.0,Stock Bull Run Breaks Record on Fed Decision Day: Markets Wrap,"June 12, 2024 at 6:44 AM GMT+8","['S&P 500 tops 5,400 amid bets on at least two Fed cuts in 2024', 'That’s even after a more-conservative outlook from officials']"
2024-06-12 00:00:00-04:00,539.8882918577245,542.3702750607599,538.5625516876748,539.619140625,63251300,0.0,0.0,0.0,Tech Powers Stocks as Adobe Surges in Late Trading: Markets Wrap,"June 13, 2024 at 7:12 AM GMT+8","['US producer prices surprise with biggest decline since October', 'French bond rout deepens, driving spreads to widest since 2017']"
2024-06-13 00:00:00-04:00,541.4033885827131,541.5828024466692,537.8548390937426,540.7056274414062,44760900,0.0,0.0,0.0,,,
2024-06-14 00:00:00-04:00,539.1406924442229,541.064478826118,538.1139754213309,541.0346069335938,40089900,0.0,0.0,0.0,,,
2024-06-17 00:00:00-04:00,540.3368216574496,546.7660922184808,539.8683014251333,545.3406372070312,55839500,0.0,0.0,0.0,Stocks Rise as Bullish Nvidia Call Boosts AI Trade: Markets Wrap,"June 18, 2024 at 6:34 AM GMT+8","['Nvidia becomes world’s largest firm in record-breaking rally', 'Treasuries climb after solid demand in $13 billion US sale']"
2024-06-18 00:00:00-04:00,545.4004561707807,546.855783111693,544.9718462339583,546.7261962890625,41376400,0.0,0.0,0.0,European Stocks Struggle to Build on US Tech Rally: Markets Wrap,"June 19, 2024 at 6:36 AM GMT+8","['US futures steady in holiday trade after new record highs', 'European stocks, bonds slip as France tensions linger']"
2024-06-20 00:00:00-04:00,547.6731227203468,548.3509286873629,543.4268122209437,545.240966796875,70328200,0.0,0.0,0.0,S&P 500 Trading Volume Spikes at Wall Street Close: Markets Wrap,"June 21, 2024 at 5:55 AM GMT+8","['Around $5.5 trillion in options estimated to expire on Friday', 'Expiration coincided with index reshuffle by S&P Dow Jones']"
2024-06-21 00:00:00-04:00,544.4000244140625,545.6500244140625,543.02001953125,544.510009765625,64513900,1.759,0.0,0.0,,,
2024-06-24 00:00:00-04:00,544.3300170898438,546.9500122070312,542.6199951171875,542.739990234375,45528700,0.0,0.0,0.0,Tech Lifts US Stocks as FedEx Up 15% in Late Hours: Markets Wrap,"June 25, 2024 at 6:35 AM GMT+8","['Treasury 2-year note auction gets expected yield, good demand', 'US consumer confidence declines on weaker outlook for economy']"
2024-06-25 00:00:00-04:00,543.989990234375,545.2000122070312,542.4400024414062,544.8300170898438,38273300,0.0,0.0,0.0,Tech Giants Fall in Late Hours on Micron’s Outlook: Markets Wrap,"June 26, 2024 at 6:31 AM GMT+8","['Micron sinks after forecast fails to meet lofty expectations', 'Big banks sail through stress test in harbinger for payouts']"
2024-06-26 00:00:00-04:00,543.6900024414062,546.239990234375,543.030029296875,545.510009765625,38550600,0.0,0.0,0.0,Treasuries Up Before PCE as Nike Hit in Late Hours: Markets Wrap,"June 27, 2024 at 6:21 AM GMT+8","['US economy shows further signs of slowing under high rates', 'Traders gearing up for Fed’s favored inflation gauge Friday']"
2024-06-27 00:00:00-04:00,545.3699951171875,546.9600219726562,544.6099853515625,546.3699951171875,35041500,0.0,0.0,0.0,S&P 500 Rally Hits a Wall at End of Banner Quarter: Markets Wrap,"June 28, 2024 at 6:31 AM GMT+8","['US debate fallout spurs prison, oil stocks; renewables lag', 'Long-term Treasuries underperform shorter maturities']"
2024-06-28 00:00:00-04:00,547.1599731445312,550.280029296875,542.9500122070312,544.219970703125,76144500,0.0,0.0,0.0,,,
2024-07-01 00:00:00-04:00,545.6300048828125,545.8800048828125,542.52001953125,545.3400268554688,40297800,0.0,0.0,0.0,"S&P 500 Closes Above 5,500 in Record-Breaking Run: Markets Wrap","July 2, 2024 at 6:34 AM GMT+8","['Powell says data suggest inflation is back on downward path', 'Job openings unexpectedly increase from a three-year low']"
2024-07-02 00:00:00-04:00,543.7000122070312,549.010009765625,543.6500244140625,549.010009765625,40434800,0.0,0.0,0.0,,,
2024-07-03 00:00:00-04:00,548.6900024414062,551.8300170898438,548.6500244140625,551.4600219726562,32789900,0.0,0.0,0.0,,,
2024-07-05 00:00:00-04:00,551.77001953125,555.0499877929688,551.1199951171875,554.6400146484375,41488400,0.0,0.0,0.0,,,
2024-07-08 00:00:00-04:00,555.4400024414062,556.25,554.1900024414062,555.280029296875,36110500,0.0,0.0,0.0,S&P 500 Holds Gains as Fed Bets Steady on Powell: Markets Wrap,"July 9, 2024 at 6:32 AM GMT+8","['Powell flags risks to jobs while avoiding rate-cut timing', 'Short-term Treasuries outperform after Fed chief testimony']"
2024-07-09 00:00:00-04:00,556.260009765625,557.1799926757812,555.52001953125,555.8200073242188,27289700,0.0,0.0,0.0,"S&P 500 Tops 5,600 Mark in Longest Rally This Year: Markets Wrap","July 10, 2024 at 6:36 AM GMT+8","['Powell does little to alter Wall Street bets on Fed rate cuts', 'Traders also getting ready for Thursday’s key inflation data']"
2024-07-10 00:00:00-04:00,557.0700073242188,561.6699829101562,556.77001953125,561.3200073242188,38701200,0.0,0.0,0.0,Stock Rotation Hits Megacaps on Bets Fed Will Cut: Markets Wrap,"July 11, 2024 at 6:35 AM GMT+8","['Inflation broadly cools, bolstering bets on US policy easing', 'Russell 2000 beats Nasdaq 100 by the most since November 2020']"
2024-07-11 00:00:00-04:00,561.4400024414062,562.3300170898438,555.8300170898438,556.47998046875,53054200,0.0,0.0,0.0,S&P 500 Rebound Leaves Big Banks Out on Earnings: Markets Wrap,"July 12, 2024 at 6:31 AM GMT+8","['Consumer sentiment falls to eight-month low, inflation eases', 'Producer prices rise slightly more than forecast on margins']"
2024-07-12 00:00:00-04:00,557.6300048828125,563.6699829101562,557.1500244140625,559.989990234375,53084400,0.0,0.0,0.0,,,
2024-07-15 00:00:00-04:00,562.030029296875,564.8400268554688,559.6300048828125,561.530029296875,40584300,0.0,0.0,0.0,S&P 500’s $18 Trillion Rally Is ‘Broadening Out’: Markets Wrap,"July 16, 2024 at 7:03 AM GMT+8","['Russell 2000 beats tech-heavy Nasdaq 100 by most in decade', 'American equity benchmark posts its 38th record this year']"
2024-07-16 00:00:00-04:00,562.8699951171875,565.1599731445312,562.0999755859375,564.8599853515625,36475300,0.0,0.0,0.0,High-Flying Chipmakers See Worst Plunge Since 2020: Markets Wrap,"July 17, 2024 at 6:13 AM GMT+8","['US floats tougher trade rules to rein in China chip industry', 'Beige Book shows slight economic growth, cooling inflation']"
2024-07-17 00:00:00-04:00,558.7999877929688,560.510009765625,556.6099853515625,556.9400024414062,57119000,0.0,0.0,0.0,Wall Street’s ‘Great Rotation Trade’ Takes a Break: Markets Wrap,"July 18, 2024 at 6:17 AM GMT+8","['Small caps get hit with almost 2% slide after stellar rally', 'Initial jobless claims show further cooling in US labor market']"
2024-07-18 00:00:00-04:00,558.510009765625,559.52001953125,550.4299926757812,552.6599731445312,56270400,0.0,0.0,0.0,Stocks Slide Before High-Stakes Megacap Earnings: Markets Wrap,"July 19, 2024 at 6:41 AM GMT+8","['Tech results coming at a critical moment for Wall Street', 'The S&P 500 suffers its biggest weekly decline since April']"
2024-07-19 00:00:00-04:00,552.4199829101562,554.0800170898438,547.9099731445312,548.989990234375,65509100,0.0,0.0,0.0,,,
2024-07-22 00:00:00-04:00,553.0,555.27001953125,551.02001953125,554.6500244140625,43346700,0.0,0.0,0.0,Tech Falls in Late Hours as Earnings Underwhelm: Markets Wrap,"July 23, 2024 at 6:22 AM GMT+8","['Tesla shares slide after profit miss, Robotaxi event delay', 'Alphabet retreats as its chief signals patience needed']"
2024-07-23 00:00:00-04:00,554.5399780273438,556.739990234375,553.280029296875,553.780029296875,34439600,0.0,0.0,0.0,Stocks Tumble as Wall Street Gets AI Wake-Up Call: Markets Wrap,"July 24, 2024 at 7:18 AM GMT+8","['S&P 500 snaps longest streak without a 2% decline since 2007', 'Treasury curve steepens on bets Fed close to cutting rates']"
2024-07-24 00:00:00-04:00,548.8599853515625,549.1699829101562,540.2899780273438,541.22998046875,74515300,0.0,0.0,0.0,Stocks Caught in Tug of War Between Tech and Rest: Markets Wrap,"July 25, 2024 at 6:35 AM GMT+8","['Economy grows faster than expected amid solid demand', 'Small caps up almost 10% this month, beating tech megacaps']"
2024-07-25 00:00:00-04:00,541.3499755859375,547.4600219726562,537.4500122070312,538.4099731445312,61158300,0.0,0.0,0.0,Stocks Climb as Fed Bets Rekindle Broadening Trade: Markets Wrap,"July 26, 2024 at 6:29 AM GMT+8","['Fed’s favored price gauge rises at mild pace, spending firms', 'US consumer sentiment falls to eight-month low on high prices']"
2024-07-26 00:00:00-04:00,542.280029296875,547.1900024414062,541.489990234375,544.4400024414062,53763800,0.0,0.0,0.0,,,
2024-07-29 00:00:00-04:00,546.02001953125,547.0499877929688,542.719970703125,544.760009765625,39515800,0.0,0.0,0.0,Tech Stocks Hit as Microsoft Down 6% in Late Hours: Markets Wrap,"July 30, 2024 at 6:47 AM GMT+8","['Nasdaq 100 on the brink of correction amid big tech earnings', 'Microsoft’s cloud growth disappoints; AMD gives solid outlook']"
2024-07-30 00:00:00-04:00,546.260009765625,547.3400268554688,538.52001953125,542.0,46853600,0.0,0.0,0.0,Stocks Storm Back on Fed Day as Nvidia Surges 13%: Markets Wrap,"July 31, 2024 at 6:44 AM GMT+8","['Powell says Fed could cut rates ‘as soon as’ September meeting', 'Meta shares jump as sales beat estimates on advertising growth']"
2024-07-31 00:00:00-04:00,548.97998046875,553.5,547.5800170898438,550.8099975585938,65663400,0.0,0.0,0.0,Stocks Sink Before Jobs as Tech Hit on Earnings: Markets Wrap,"August 1, 2024 at 6:40 AM GMT+8","['US manufacturing activity contracts by most in eight months', 'Unemployment rate close to triggering popular downturn signal']"
2024-08-01 00:00:00-04:00,552.5700073242188,554.8699951171875,539.4299926757812,543.010009765625,76428700,0.0,0.0,0.0,S&P 500 Has Its Worst Jobs Day Since October 2022: Markets Wrap,"August 2, 2024 at 6:41 AM GMT+8","['JPMorgan, Citi see Fed dealing two supersized cuts this year', 'Goolsbee says the Fed won’t overreact to one month’s data']"
2024-08-02 00:00:00-04:00,535.75,536.989990234375,528.5999755859375,532.9000244140625,82789100,0.0,0.0,0.0,,,
2024-08-05 00:00:00-04:00,511.6400146484375,523.5800170898438,510.2699890136719,517.3800048828125,146267400,0.0,0.0,0.0,S&P 500 Climbs 1% After Wall Street’s Wild Rout: Markets Wrap,"August 6, 2024 at 7:25 AM GMT+8","['Goldman says buying S&P after 5% drop is usually profitable', 'US Treasuries slip as waning haven bid smooths auction result']"
2024-08-06 00:00:00-04:00,519.219970703125,529.75,517.8699951171875,522.1500244140625,84826300,0.0,0.0,0.0,Stocks Swoon After Weak $42 Billion Treasury Sale: Markets Wrap,"August 7, 2024 at 6:38 AM GMT+8","['High-grade issuers offer $31.8 billion of bonds, most in 2024', 'Yen slides after dovish BOJ signal tempers bets on rate hikes']"
2024-08-07 00:00:00-04:00,528.469970703125,531.5900268554688,518.0499877929688,518.6599731445312,70698300,0.0,0.0,0.0,S&P 500 Notches Biggest Rally Since November 2022: Markets Wrap,"August 8, 2024 at 6:19 AM GMT+8","['US initial jobless claims decline by most in nearly a year', 'Treasury yields rise as report dims bets on Fed policy easing']"
2024-08-08 00:00:00-04:00,523.9099731445312,531.2899780273438,521.8400268554688,530.6500244140625,63276600,0.0,0.0,0.0,Stocks Make Comeback at End of Dizzying Week: Markets Wrap,"August 9, 2024 at 6:20 AM GMT+8","['S&P 500 notches its best back-to-back advance this year', 'Bond traders trim their bets on aggressive Fed rate cuts']"
2024-08-09 00:00:00-04:00,529.8099975585938,534.510009765625,528.5599975585938,532.989990234375,45619600,0.0,0.0,0.0,,,
2024-08-12 00:00:00-04:00,534.2100219726562,535.72998046875,530.9500122070312,533.27001953125,42542100,0.0,0.0,0.0,Stocks Rally in Countdown to CPI as US Yields Sink: Markets Wrap,"August 13, 2024 at 6:48 AM GMT+8","['US producer prices increased by less than forecast in July', 'Starbucks ousts CEO and taps Chipotle’s Brian Niccol as boss']"
2024-08-13 00:00:00-04:00,536.530029296875,542.280029296875,536.280029296875,542.0399780273438,52333100,0.0,0.0,0.0,Stocks Rise as CPI ‘Checks The Box’ for Fed Cuts: Markets Wrap,"August 14, 2024 at 6:30 AM GMT+8","['Core US inflation eases a fourth month, sealing Fed rate cut', 'Bonds see small moves as dollar hovers near four-month low']"
2024-08-14 00:00:00-04:00,542.8499755859375,544.9600219726562,540.1199951171875,543.75,42446900,0.0,0.0,0.0,,,
2024-08-15 00:00:00-04:00,549.5,553.3599853515625,548.8800048828125,553.0700073242188,60846800,0.0,0.0,0.0,Stocks See Best Week in ’24 as Buyers Race Back In: Markets Wrap,"August 16, 2024 at 6:28 AM GMT+8","['A handful of economic data show US economy is holding up', 'Traders pare wagers on aggressive cuts, bet on September move']"
2024-08-16 00:00:00-04:00,551.4199829101562,555.02001953125,551.260009765625,554.3099975585938,44430700,0.0,0.0,0.0,,,
2024-08-19 00:00:00-04:00,554.72998046875,559.6099853515625,553.8599853515625,559.6099853515625,39121800,0.0,0.0,0.0,Stocks Halt Big Rally Driven by ‘Momentum Guys’: Markets Wrap,"August 20, 2024 at 6:42 AM GMT+8","['S&P 500 drops after notching longest winning streak in 2024', 'Citi’s Montagu says equity flows are bullish on upbeat data']"
2024-08-20 00:00:00-04:00,559.1500244140625,560.8400268554688,557.3300170898438,558.7000122070312,33732300,0.0,0.0,0.0,Stocks Up as September Fed Cut Seen as ‘Done Deal’: Markets Wrap,"August 21, 2024 at 6:36 AM GMT+8","['Fed minutes show several saw case for cutting rates in July', 'Payrolls marked down by most since 2009 in preliminary data']"
2024-08-21 00:00:00-04:00,559.77001953125,562.1099853515625,554.72998046875,560.6199951171875,41514600,0.0,0.0,0.0,Wall Street Braces for ‘Reality Check’ From Powell: Markets Wrap,"August 22, 2024 at 6:21 AM GMT+8","['Fed Chair set to deliver hotly anticipated speech on Friday', 'US officials signal Fed to take slow and methodical approach']"
2024-08-22 00:00:00-04:00,562.5599975585938,563.1799926757812,554.97998046875,556.219970703125,56121500,0.0,0.0,0.0,Stocks Rally as Powell ‘Locks In’ a September Cut: Markets Wrap,"August 23, 2024 at 6:31 AM GMT+8","['Powell says ‘time has come’ for Fed to cut interest rates', 'Traders pricing over 100 basis points of Fed easing this year']"
2024-08-23 00:00:00-04:00,559.530029296875,563.0900268554688,557.2899780273438,562.1300048828125,50639400,0.0,0.0,0.0,,,
2024-08-26 00:00:00-04:00,563.1799926757812,563.9099731445312,559.0499877929688,560.7899780273438,35788600,0.0,0.0,0.0,"Stocks Churn as Nvidia’s 1,000% Rally to Face Test: Markets Wrap","August 27, 2024 at 6:36 AM GMT+8","['Chipmaker is due to report results after the close Wednesday', 'Investors brace for big swings in either direction for shares']"
2024-08-27 00:00:00-04:00,559.489990234375,562.0599975585938,558.3200073242188,561.5599975585938,32693900,0.0,0.0,0.0,Tech Hit in Late Hours as Nvidia Fails to Inspire: Markets Wrap,"August 28, 2024 at 6:28 AM GMT+8","['Chipmaker’s revenue forecast fails to meet lofty expectations', 'Company also discloses snag with its new Blackwell chip']"
2024-08-28 00:00:00-04:00,561.2100219726562,561.6500244140625,555.0399780273438,558.2999877929688,41066000,0.0,0.0,0.0,"S&P 500 Rally Loses Steam, But Most US Stocks Gain: Markets Wrap","August 29, 2024 at 6:58 AM GMT+8","['US economy expands at revised 3% rate on resilient consumer', 'Nvidia sinks on disappointing forecast, Blackwell chip snags']"
2024-08-29 00:00:00-04:00,560.3099975585938,563.6799926757812,557.1799926757812,558.3499755859375,38715200,0.0,0.0,0.0,S&P 500 Spikes in Last 10 Minutes of US Trading: Markets Wrap,"August 30, 2024 at 6:47 AM GMT+8","['Fed favored inflation gauge’s mild gain sets stage for easing', 'US consumer sentiment rises for first time in five months']"
2024-08-30 00:00:00-04:00,560.77001953125,564.2000122070312,557.1400146484375,563.6799926757812,62700100,0.0,0.0,0.0,,,
